timestamp,open,high,low,close,volume
2024-04-01 00:00:00+00:00,64990.62255364998,65039.07958599753,64936.360391432914,65000.0,47019.265452579784
2024-04-01 01:00:00+00:00,64303.85713799182,64382.073456564925,64160.62082096733,64195.23698119163,57767.937941702876
2024-04-01 02:00:00+00:00,61119.56207836085,61339.531877413225,60990.55024394186,61329.37642312276,54978.30540591926
2024-04-01 03:00:00+00:00,61112.97616223705,61364.60424406143,61012.54339796615,61250.48092152055,62984.51043684369
2024-04-01 04:00:00+00:00,61379.3839362232,61520.62394733998,61279.73479102047,61464.47102667638,42221.641181554136
2024-04-01 05:00:00+00:00,57549.11252264265,57616.6765756133,57304.21289304505,57423.254054718054,46984.50042308464
2024-04-01 06:00:00+00:00,54543.13721935749,54673.79355237522,54347.26121210285,54520.027244346005,50533.382094725646
2024-04-01 07:00:00+00:00,53693.916949499464,53796.465031740925,53631.997645639145,53632.18759622012,44397.54601108122
2024-04-01 08:00:00+00:00,52096.4850080745,52228.32193562036,52060.896003197995,52185.735211811065,36766.47208845388
2024-04-01 09:00:00+00:00,51073.66334369078,51192.52605442349,51034.404170845286,51159.575814422584,37609.22878860605
2024-04-01 10:00:00+00:00,49162.6511598456,49202.21101750254,49099.954512578595,49129.64976325294,31736.229489420675
2024-04-01 11:00:00+00:00,49254.98768221438,49319.31168906533,49228.73198457802,49250.682606348884,48968.157712610744
2024-04-01 12:00:00+00:00,49291.975494843064,49338.15544706973,49202.665349589166,49251.436232424756,40882.37507344942
2024-04-01 13:00:00+00:00,48381.897988937024,48432.44033588977,48365.04282914256,48395.521642191656,33498.26147046467
2024-04-01 14:00:00+00:00,48843.81035125615,48935.65179526373,48753.40177746132,48823.440450758186,33509.15439554917
2024-04-01 15:00:00+00:00,48472.28133869152,48517.43201162667,48400.8807917093,48460.78747563738,27659.376905844463
2024-04-01 16:00:00+00:00,46604.474849113845,46715.38200919281,46478.632470541546,46550.16704628625,59513.240858796526
2024-04-01 17:00:00+00:00,46153.81445601798,46202.48113974441,46026.31093417824,46098.01223953026,43428.70109728982
2024-04-01 18:00:00+00:00,44070.33670186494,44269.18039652742,43998.849997277866,44177.679981734356,31237.657774496914
2024-04-01 19:00:00+00:00,44160.75373543677,44363.928679058685,44119.303845025424,44310.118840567506,56069.72839916508
2024-04-01 20:00:00+00:00,43501.70665560716,43570.34261928982,43319.820111331916,43436.43827740502,34724.5618335035
2024-04-01 21:00:00+00:00,42516.58181001039,42540.61360078902,42383.07570120855,42440.96950331821,25824.641534526
2024-04-01 22:00:00+00:00,40902.42717256749,40985.122644528055,40898.1839823066,40965.14212314026,60402.60028135307
2024-04-01 23:00:00+00:00,41335.25062784771,41503.772393097795,41314.65174396646,41450.88837258988,35009.53340693056
2024-04-02 00:00:00+00:00,40545.82005260895,40610.41489379041,40539.05378507307,40539.79777518445,36616.15997121436
2024-04-02 01:00:00+00:00,39438.68972949824,39479.081017442935,39335.9616181637,39383.699949386224,42863.35910754164
2024-04-02 02:00:00+00:00,38438.8246430712,38447.5949990167,38292.72330376321,38335.45723117055,63023.68333993269
2024-04-02 03:00:00+00:00,38173.13935069466,38180.15729074377,38110.33406965457,38143.59917922349,42547.34286044652
2024-04-02 04:00:00+00:00,37777.83598781055,37804.3441077004,37679.32467882467,37798.91171770791,27768.807535528707
2024-04-02 05:00:00+00:00,37453.568725795914,37506.08415923057,37394.23148586249,37503.812430758044,51109.03568924312
2024-04-02 06:00:00+00:00,37230.908095669474,37270.58474737839,37166.66928544465,37230.26859367251,35653.879054061385
2024-04-02 07:00:00+00:00,38542.63817147357,38624.53654686449,38521.507225657566,38559.94761843236,81808.2213319132
2024-04-02 08:00:00+00:00,37441.78584612614,37536.078748626634,37423.04254144611,37498.881713117706,42233.44535507312
2024-04-02 09:00:00+00:00,36485.93478593101,36498.93285840031,36329.566040481746,36374.152161252416,19323.885657263883
2024-04-02 10:00:00+00:00,35117.043052868896,35148.14072994275,34976.99002569513,35023.25942876419,47879.24414202116
2024-04-02 11:00:00+00:00,34999.18950845641,35030.769998203905,34936.17616023669,34939.649793728335,83447.1569892463
2024-04-02 12:00:00+00:00,35255.30630518463,35383.77340098093,35217.449683142084,35304.07095686199,73345.15540753651
2024-04-02 13:00:00+00:00,34638.41293117623,34642.76757727218,34552.191444354045,34594.045065621154,80193.17045844613
2024-04-02 14:00:00+00:00,33328.72654914933,33354.24280350694,33261.83880489752,33296.78029910349,29567.869707724112
2024-04-02 15:00:00+00:00,32084.11191946605,32149.03449237794,32042.608347311176,32062.8280231042,58140.22077336708
2024-04-02 16:00:00+00:00,32084.86323078575,32125.610590139888,31998.49791650716,32024.832749031728,32815.673927579206
2024-04-02 17:00:00+00:00,32093.111433072074,32136.051626049186,32028.048326114626,32062.554000704356,45700.335699674884
2024-04-02 18:00:00+00:00,31979.416556784297,32013.594579406585,31903.594972967352,31943.958081168334,27060.38915270246
2024-04-02 19:00:00+00:00,30919.50822477055,30956.54874816966,30839.85177102631,30889.99717482955,33718.43889996815
2024-04-02 20:00:00+00:00,30559.626090764523,30604.443790749247,30484.24999070445,30544.012385284303,33345.33924180643
2024-04-02 21:00:00+00:00,30037.225111692842,30133.29261726391,30007.3694137417,30117.802784065134,57864.189349031105
2024-04-02 22:00:00+00:00,29778.413873446138,29823.8806023803,29748.45690537061,29774.679187316342,55916.30651997682
2024-04-02 23:00:00+00:00,29891.98708658467,29922.217745952752,29846.95902366161,29916.94643414466,46548.33611608904
2024-04-03 00:00:00+00:00,29527.023706855773,29619.23002349038,29478.96577577789,29583.81757898718,26336.527594086616
2024-04-03 01:00:00+00:00,29662.633924908387,29695.477715490106,29561.478954255184,29587.991560999853,37884.06412088084
2024-04-03 02:00:00+00:00,29225.418191211917,29243.83675546467,29098.71068066353,29149.818341062874,32539.787936936285
2024-04-03 03:00:00+00:00,28936.917232008196,28965.460284079512,28823.58419126201,28878.039792135758,57282.25378286698
2024-04-03 04:00:00+00:00,28865.15506094704,28883.238385184974,28793.394872756413,28854.109127275984,63813.77347820468
2024-04-03 05:00:00+00:00,27435.226566580375,27445.02037191846,27312.81818127226,27379.756885397885,61150.577673375185
2024-04-03 06:00:00+00:00,26724.903126953468,26745.95783825209,26708.558779738552,26724.41995556316,32436.280245815185
2024-04-03 07:00:00+00:00,25997.370402147117,26006.147291665155,25958.02431087154,25989.464513200153,16196.056084123391
2024-04-03 08:00:00+00:00,25129.996720772677,25201.329255078952,25099.64233877242,25171.282836481918,22763.712008010694
2024-04-03 09:00:00+00:00,24615.679338211743,24623.308936108602,24573.19740772418,24601.0297458755,69489.37034046225
2024-04-03 10:00:00+00:00,25124.47605323326,25160.33335908525,25103.471510791795,25122.200512130275,36714.255946404075
2024-04-03 11:00:00+00:00,24152.794982529016,24207.12636108436,24148.927960698493,24200.08141345021,32487.34852552562
2024-04-03 12:00:00+00:00,24394.23926510694,24412.219656882062,24363.383586781838,24396.112780877836,75078.59187185466
2024-04-03 13:00:00+00:00,23030.643166019658,23047.799184722033,23015.39340173418,23033.397830164366,65786.21610658606
2024-04-03 14:00:00+00:00,22546.76403065269,22587.237457044503,22457.796806371596,22486.133729482543,42613.08673602433
2024-04-03 15:00:00+00:00,22255.272435672003,22281.93812374115,22211.144015960697,22225.460980510314,38126.64082105537
2024-04-03 16:00:00+00:00,22201.187496202925,22220.568238589385,22191.254693009054,22200.80634923765,40341.024519620085
2024-04-03 17:00:00+00:00,22254.74413256808,22283.658200833615,22216.097839742648,22246.442183812745,45746.31917249384
2024-04-03 18:00:00+00:00,22340.56135925117,22346.466313850677,22309.91295401854,22339.07986348303,73967.13716973097
2024-04-03 19:00:00+00:00,21801.787242319922,21829.669113675565,21766.784530024703,21808.42509397682,48982.73809586223
2024-04-03 20:00:00+00:00,21197.58900632284,21278.741118243266,21139.717370294216,21232.062248774913,54473.509286756605
2024-04-03 21:00:00+00:00,21354.22257871006,21382.11720876931,21324.452599957855,21359.062068354084,63614.9745783747
2024-04-03 22:00:00+00:00,20914.022716179,20959.245426142614,20881.824381152677,20937.454813982178,28056.42759372164
2024-04-03 23:00:00+00:00,19944.572531749593,20008.602015033317,19935.683094768196,19982.048330039433,55026.01185063373
2024-04-04 00:00:00+00:00,19153.57496347765,19183.02096374043,19133.172945128248,19138.89862974874,38111.089000647655
2024-04-04 01:00:00+00:00,18440.69811921492,18444.358229267767,18387.345867528456,18429.8816771344,17513.48289246955
2024-04-04 02:00:00+00:00,18332.417046339073,18381.85379005545,18322.268877405186,18381.68107781904,20060.34566835984
2024-04-04 03:00:00+00:00,18171.26689136686,18195.079298825334,18162.740221536842,18174.6115098039,29584.873188399546
2024-04-04 04:00:00+00:00,18243.761313635583,18254.179852530837,18195.192650221816,18216.553941626586,50883.18339552442
2024-04-04 05:00:00+00:00,17789.86526275126,17821.659579595744,17741.452330846158,17761.64492882557,43966.773532929605
2024-04-04 06:00:00+00:00,17599.270324298657,17613.541491050823,17562.245621189908,17572.23096140082,45066.20817758318
2024-04-04 07:00:00+00:00,17589.212717904094,17592.03962875806,17570.835023506603,17588.186098817067,83632.69839476023
2024-04-04 08:00:00+00:00,17180.86861064351,17206.788905814406,17145.466348436094,17202.674169797152,27096.999131579756
2024-04-04 09:00:00+00:00,17121.011386974762,17160.03117474559,17110.12577133864,17148.887731262057,41846.27061568554
2024-04-04 10:00:00+00:00,16638.183193008445,16652.484122053767,16625.855071046262,16629.587237019667,47000.43170064676
2024-04-04 11:00:00+00:00,16256.112834709467,16270.53151136673,16216.653484190621,16246.86966478229,32652.08663976948
2024-04-04 12:00:00+00:00,15897.363556856393,15909.212217605012,15842.217096080387,15866.724963828565,42670.965094616855
2024-04-04 13:00:00+00:00,15212.49564064796,15237.555601895425,15175.80877040987,15187.436833461463,24134.01091393435
2024-04-04 14:00:00+00:00,15153.533751840296,15182.595733423808,15152.132306234038,15156.53994521222,69204.89034481817
2024-04-04 15:00:00+00:00,14745.336840730173,14786.170276729434,14735.32824206841,14772.90764854646,33282.750521435446
2024-04-04 16:00:00+00:00,14565.787594986366,14576.855260131651,14548.866419117738,14572.762992197597,86021.25453515642
2024-04-04 17:00:00+00:00,14548.648781085316,14568.58579761457,14514.589602404996,14543.909694765,41772.5046846154
2024-04-04 18:00:00+00:00,14499.438951769196,14523.172172407589,14492.560524971263,14503.835424969104,60547.19246415016
2024-04-04 19:00:00+00:00,14530.834132011358,14560.684197106675,14514.256832118313,14543.440985296224,41469.09079672165
2024-04-04 20:00:00+00:00,14316.462140830465,14339.209393575073,14287.096923394494,14311.033576213542,41797.812787843475
2024-04-04 21:00:00+00:00,13959.994976657803,13974.76240956031,13953.477234555467,13970.555831302294,34439.15304870767
2024-04-04 22:00:00+00:00,13742.644105104435,13785.937835409622,13716.208063407574,13755.60324689527,44048.78321040533
2024-04-04 23:00:00+00:00,13022.63047299669,13028.156539612864,13011.703550302407,13016.549411186243,47224.078340417196
2024-04-05 00:00:00+00:00,12384.042798772623,12409.47666316198,12366.303934934118,12391.514744248248,32108.27790922064
2024-04-05 01:00:00+00:00,11838.029124473345,11838.176018038619,11817.4522819544,11833.696138725396,40440.785113823214
2024-04-05 02:00:00+00:00,11397.846224666584,11402.882262579005,11370.855599722225,11393.177231887357,34126.34786781992
2024-04-05 03:00:00+00:00,11336.340228340427,11377.436282390629,11318.36479371109,11355.748832664,94489.31678060435
2024-04-05 04:00:00+00:00,10951.494748903593,10968.649745823997,10946.412123566517,10959.405924139339,40943.725877426376
2024-04-05 05:00:00+00:00,10739.698315722828,10755.85032327116,10709.613429558527,10716.586224899645,72561.58190434104
2024-04-05 06:00:00+00:00,10905.067176690764,10936.586427065782,10890.926100724902,10924.10920193843,39454.04346644899
2024-04-05 07:00:00+00:00,10655.410796530528,10699.36547326109,10644.07861712326,10689.349284610333,46263.57934577454
2024-04-05 08:00:00+00:00,10717.38740070246,10766.944510655081,10700.943418369343,10747.402399303095,26605.738583116698
2024-04-05 09:00:00+00:00,10369.128534384552,10378.02529545597,10350.504095917842,10368.675786987207,36130.19515635649
2024-04-05 10:00:00+00:00,10186.394128886954,10187.091314880448,10169.360292085967,10185.921747424927,45480.85592787751
2024-04-05 11:00:00+00:00,9822.625188634187,9829.447932676565,9812.311358121446,9824.358365421227,73604.46536681005
2024-04-05 12:00:00+00:00,9638.199323594008,9651.025020365649,9619.78803470784,9620.677330750408,45663.45590277472
2024-04-05 13:00:00+00:00,9662.045913736394,9712.942446463598,9653.532075157407,9700.939421113691,68573.52177188666
2024-04-05 14:00:00+00:00,9185.675360423853,9186.224342769756,9166.5313037626,9180.22321840335,52871.24098591057
2024-04-05 15:00:00+00:00,9187.027523335828,9192.221818061887,9161.557858909771,9165.560339253858,74678.69340584123
2024-04-05 16:00:00+00:00,9091.709235472596,9113.043913342883,9076.781627984252,9107.115479965525,41385.872463310094
2024-04-05 17:00:00+00:00,8860.201797605243,8872.173682797691,8843.93557190035,8865.252418501055,97532.17294846306
2024-04-05 18:00:00+00:00,8440.804644341757,8451.822121142064,8429.926077214635,8450.34794233709,35648.80702561362
2024-04-05 19:00:00+00:00,8352.643537397762,8369.074317798146,8344.753246872386,8363.863820204058,32308.899281591945
2024-04-05 20:00:00+00:00,8152.488848232386,8161.071315002702,8149.999582401351,8156.4805727908015,27662.725478920554
2024-04-05 21:00:00+00:00,8123.630888347931,8135.515110088513,8085.843005280782,8106.2735091382065,95532.16421526107
2024-04-05 22:00:00+00:00,8037.094997744429,8049.033883646849,8008.453348849175,8015.005002650674,56284.03947161367
2024-04-05 23:00:00+00:00,8237.206285296194,8248.87953238473,8235.65027491861,8241.35917902001,37587.14475490275
2024-04-06 00:00:00+00:00,8120.324570377764,8126.534800715957,8080.468086696382,8097.186129665512,65415.70045095905
2024-04-06 01:00:00+00:00,7803.585704581414,7812.044437102686,7793.732536364337,7803.169290672398,53747.47120726989
2024-04-06 02:00:00+00:00,7767.967830695155,7771.9299210262125,7732.29797740904,7747.58751863015,84078.33878192768
2024-04-06 03:00:00+00:00,7699.616117216524,7703.095665899252,7688.883845040199,7700.693813717846,24578.2735173478
2024-04-06 04:00:00+00:00,7875.057111789479,7878.489591470464,7861.533744401674,7873.509284274252,38502.69796660743
2024-04-06 05:00:00+00:00,7951.368259826459,7956.291048140531,7935.455813974267,7947.011615007836,35935.3636102373
2024-04-06 06:00:00+00:00,7965.168483813048,7967.5732933917525,7913.985251585321,7927.36856670907,21174.876688213575
2024-04-06 07:00:00+00:00,8138.25820917698,8147.187796908309,8105.168557782926,8127.879489331963,61234.997183363135
2024-04-06 08:00:00+00:00,7796.293506555022,7815.794998466749,7781.638779072852,7804.57335341143,38434.88686562605
2024-04-06 09:00:00+00:00,7608.223730182398,7608.586954540021,7596.468920966969,7597.181251503188,54733.462898138234
2024-04-06 10:00:00+00:00,7339.512566643565,7350.952459372803,7328.410357100495,7343.498241543283,96498.21693517646
2024-04-06 11:00:00+00:00,7188.431334329448,7199.960442561876,7174.061397443575,7193.7160199342015,37336.41267768623
2024-04-06 12:00:00+00:00,6886.801382930279,6895.099325805912,6863.38516652272,6877.428122113809,36459.45458518182
2024-04-06 13:00:00+00:00,6911.528342450222,6918.386214795195,6904.976485262408,6911.206084095225,44041.69563218848
2024-04-06 14:00:00+00:00,6802.6407753386475,6803.510427874387,6786.0946536134115,6799.799384840454,59688.592834794246
2024-04-06 15:00:00+00:00,6487.194321152373,6488.767896659148,6475.060943563056,6487.058236729332,34648.51248347738
2024-04-06 16:00:00+00:00,6262.417894140804,6268.790869670696,6240.475209220512,6259.257753323539,33878.066354964
2024-04-06 17:00:00+00:00,6245.841621705457,6255.942824940061,6237.649503722976,6241.8627534953885,61167.78110664241
2024-04-06 18:00:00+00:00,6287.9790926760015,6308.37343804413,6282.666884716003,6306.301739581851,48237.084690552445
2024-04-06 19:00:00+00:00,6563.765980687516,6571.691307686076,6550.746144659573,6557.2096955394345,20654.83560550091
2024-04-06 20:00:00+00:00,6964.844946455321,6987.073273552418,6958.877157404612,6975.119500663254,27514.61241205708
2024-04-06 21:00:00+00:00,6959.976135239274,6981.400980405179,6955.960330101742,6975.0663334540895,71452.78673058341
2024-04-06 22:00:00+00:00,6736.688163609623,6746.239861751315,6731.744291040678,6737.278462832478,48631.87853853882
2024-04-06 23:00:00+00:00,6327.395504197834,6331.053742017064,6320.931733156547,6326.598533059273,32357.17463421443
2024-04-07 00:00:00+00:00,6298.37812866184,6310.790276655481,6289.191625200045,6304.9368975703965,39803.743822997814
2024-04-07 01:00:00+00:00,6125.573279102216,6125.741437660027,6112.717683060213,6117.946965853994,42446.19140940874
2024-04-07 02:00:00+00:00,5983.553618833273,5998.062242829576,5968.267034531504,5995.62438607008,54658.84392050199
2024-04-07 03:00:00+00:00,5844.043437387359,5856.768282261646,5836.975867081129,5847.612911666825,26264.341050847015
2024-04-07 04:00:00+00:00,5765.511006591003,5772.933777613066,5753.381983823849,5770.573595450563,31477.47325593429
2024-04-07 05:00:00+00:00,5867.195111969555,5871.86903615946,5859.080814637775,5867.605145530294,46485.42711067666
2024-04-07 06:00:00+00:00,5836.395182196369,5837.376482446137,5823.579257832606,5833.954859723438,40799.1909121846
2024-04-07 07:00:00+00:00,5747.052373791622,5756.640640600731,5739.032539858295,5755.754149832696,51612.04459982882
2024-04-07 08:00:00+00:00,5563.092593292581,5568.075440752775,5545.062320351273,5557.0552749825765,27475.007265425116
2024-04-07 09:00:00+00:00,5281.893621218488,5284.863385362972,5274.850030818551,5281.394510675065,47875.28452184288
2024-04-07 10:00:00+00:00,5154.921438703689,5175.934290856318,5146.945308685226,5169.592324949196,61908.57008459628
2024-04-07 11:00:00+00:00,5099.945332622094,5121.47635028614,5092.517603668339,5114.972544788226,50098.48886724224
2024-04-07 12:00:00+00:00,5294.606588311262,5301.018415688376,5289.32151106543,5294.704428833512,44358.01716285529
2024-04-07 13:00:00+00:00,5261.669362702288,5269.4308531507395,5253.8637413251,5263.413926388858,40855.6487853468
2024-04-07 14:00:00+00:00,5343.417630307741,5354.650120389117,5328.648047948777,5344.246684206319,31544.72721611954
2024-04-07 15:00:00+00:00,5231.03177179078,5233.131687227358,5225.744652161198,5231.251346685891,41198.623534857485
2024-04-07 16:00:00+00:00,5036.535579202744,5041.406105937045,5027.311942095503,5034.832095323671,65660.7544533536
2024-04-07 17:00:00+00:00,4879.489325601219,4887.684983659887,4862.426000981065,4872.563101817621,40526.02565499251
2024-04-07 18:00:00+00:00,4736.0280285511635,4752.277812920548,4726.564604868163,4743.93454192992,30943.809331715867
2024-04-07 19:00:00+00:00,4948.342300595856,4957.784993736504,4942.363706043352,4957.056594866232,35563.43035735301
2024-04-07 20:00:00+00:00,4807.497466773442,4819.307571362922,4805.2457691273075,4815.394645550127,45326.95813708754
2024-04-07 21:00:00+00:00,4876.406722505332,4885.256779732956,4866.682178876515,4874.294325198479,37072.46292465654
2024-04-07 22:00:00+00:00,4734.934256378075,4741.112623330547,4724.437318414208,4726.108621568645,50071.92655709221
2024-04-07 23:00:00+00:00,4792.514333187598,4800.974602579168,4781.832029314052,4795.617141393269,50734.17111530167
2024-04-08 00:00:00+00:00,4783.075192176977,4805.26554410929,4776.768077558046,4801.091527064557,57670.65509556027
2024-04-08 01:00:00+00:00,4730.780204800657,4746.553718800553,4721.792801909772,4742.903014126845,69536.38697044141
2024-04-08 02:00:00+00:00,4693.331274823181,4704.715031210618,4690.663011786127,4699.20318805848,59868.764439413004
2024-04-08 03:00:00+00:00,4582.166842313306,4589.895032522515,4581.647935889149,4586.003462226861,30466.28557855991
2024-04-08 04:00:00+00:00,4596.650893639681,4603.950414584078,4590.295894756296,4599.468449549,30795.460646217874
2024-04-08 05:00:00+00:00,4511.811917011621,4516.5365024759785,4506.243087513688,4511.550825965744,41144.25626906692
2024-04-08 06:00:00+00:00,4339.981497232516,4344.58740176943,4336.266814099296,4342.011906652945,36078.35058908764
2024-04-08 07:00:00+00:00,4180.294797368351,4185.809766757618,4168.46949699573,4173.725314424421,28365.96467001122
2024-04-08 08:00:00+00:00,4154.681157997516,4170.329315735596,4141.647070978303,4158.898388922739,36198.30251359536
2024-04-08 09:00:00+00:00,4285.67319352624,4291.507837157778,4278.026833056637,4291.223792542897,35784.85742733164
2024-04-08 10:00:00+00:00,4278.312125606794,4283.422173759056,4266.97007184167,4275.2411629854505,33396.718441014724
2024-04-08 11:00:00+00:00,4220.596199884733,4232.641456275845,4213.038142658668,4230.34063345501,37829.07677026684
2024-04-08 12:00:00+00:00,4230.790799346252,4236.487311853091,4218.866258228674,4228.319187973754,63819.71476126387
2024-04-08 13:00:00+00:00,4335.336821255572,4339.793263473882,4330.0451445027375,4334.670019939151,45301.387820798045
2024-04-08 14:00:00+00:00,4325.124570372877,4332.384931456977,4324.093750824671,4326.081342680007,100357.37149807219
2024-04-08 15:00:00+00:00,4261.101647831505,4268.368121285455,4246.434070469518,4250.974067017373,44848.144612054304
2024-04-08 16:00:00+00:00,4333.263944511105,4342.15007250624,4325.601802218473,4337.312006245384,38171.201082529486
2024-04-08 17:00:00+00:00,4365.565594012456,4372.896388719023,4349.847549942415,4352.11561026784,42311.159225277486
2024-04-08 18:00:00+00:00,4487.065483365653,4490.408247637791,4482.234960683831,4488.58328511807,46218.33340211909
2024-04-08 19:00:00+00:00,4468.663843008571,4485.989849072069,4465.46534690373,4477.240106875412,49202.44113404612
2024-04-08 20:00:00+00:00,4313.761437439265,4319.04595606519,4303.597987957051,4313.30906029597,87396.33235276815
2024-04-08 21:00:00+00:00,4134.231562985184,4147.735397431451,4127.101584915866,4140.916525288077,31429.350670814005
2024-04-08 22:00:00+00:00,4279.313489459543,4285.292905512754,4272.226610675395,4284.144435407837,57069.537142306246
2024-04-08 23:00:00+00:00,4443.26631235453,4445.494779569931,4433.360746886447,4440.62170032283,45436.559802182484
2024-04-09 00:00:00+00:00,4394.996133369515,4399.77596844597,4386.181409491102,4391.336511502975,24378.95216646952
2024-04-09 01:00:00+00:00,4317.031137867227,4325.340668030185,4311.253700865579,4321.063777336723,55331.86302711941
2024-04-09 02:00:00+00:00,4457.436359705221,4462.650852194818,4449.195717349189,4450.844180040463,65842.96574503767
2024-04-09 03:00:00+00:00,4309.923336831924,4317.0377664895,4301.031151332193,4302.45315247815,31299.202327629147
2024-04-09 04:00:00+00:00,4190.221106997863,4190.468883945075,4175.7561616204985,4181.212881887633,42118.09675709367
2024-04-09 05:00:00+00:00,4224.697042985119,4231.390194359717,4215.321802243011,4221.344788194663,23097.638020394934
2024-04-09 06:00:00+00:00,4162.55849493368,4166.7417377894035,4145.561613990063,4154.0628421075735,27194.69976991086
2024-04-09 07:00:00+00:00,4116.091410476373,4131.359613024295,4106.624667484916,4127.736571157559,60971.997778767276
2024-04-09 08:00:00+00:00,4083.8725412924823,4086.3002980039028,4074.483722651001,4085.820905125876,35886.40656951415
2024-04-09 09:00:00+00:00,4089.752626616164,4100.409400765779,4087.7020921926933,4095.0783082436187,28660.598718664696
2024-04-09 10:00:00+00:00,4215.539530505117,4217.4300512207665,4210.7673255539485,4214.78576331197,45783.120784265
2024-04-09 11:00:00+00:00,4195.575366784161,4205.007596177187,4189.129981226285,4199.174789516271,35189.93143125499
2024-04-09 12:00:00+00:00,4240.55040590919,4242.051821575502,4227.946076835853,4241.607570449645,35831.11942783741
2024-04-09 13:00:00+00:00,4019.6958325330475,4023.8444590947192,3999.4161126991658,4008.3791267789106,54727.61697816705
2024-04-09 14:00:00+00:00,3979.6046104480083,3984.3139935855847,3971.710754240703,3980.6179949616067,28134.530860971423
2024-04-09 15:00:00+00:00,3878.750559832623,3885.351118438592,3872.7451837803765,3876.3445574376483,30775.734216981782
2024-04-09 16:00:00+00:00,3738.8328490833214,3743.475146539476,3736.657744719704,3740.1359273818393,44591.01364994642
2024-04-09 17:00:00+00:00,3639.9348439063906,3642.058807269169,3633.1442048482963,3639.521503696939,59317.10900912786
2024-04-09 18:00:00+00:00,3589.9050831125937,3592.403794839675,3588.3307008812517,3589.872684437471,65167.47268995502
2024-04-09 19:00:00+00:00,3654.8724751187574,3661.3186821112204,3648.6429845808034,3652.41627594557,33476.13348601656
2024-04-09 20:00:00+00:00,3521.828499345532,3526.4835754149813,3511.746867291558,3515.68322112028,58655.79004519859
2024-04-09 21:00:00+00:00,3508.549660280585,3511.246408776465,3491.798680588982,3499.9010862181235,32109.583953011694
2024-04-09 22:00:00+00:00,3441.915249644052,3444.868867770536,3437.0432715548277,3440.3174625822144,80060.101808855
2024-04-09 23:00:00+00:00,3398.110539502346,3398.3133854485773,3393.3852446598685,3395.1081763226885,28411.230152363594
2024-04-10 00:00:00+00:00,3456.9179038337516,3467.1659331194724,3451.5489257353524,3462.895889801617,67260.41911640267
2024-04-10 01:00:00+00:00,3491.4341985925435,3492.0896430340713,3488.952889716676,3491.894483060589,33576.761861021594
2024-04-10 02:00:00+00:00,3596.8011022260375,3602.0203407424438,3587.3179302968165,3591.7351960777523,85476.42551743251
2024-04-10 03:00:00+00:00,3565.375814449046,3569.216340852546,3556.69377995723,3560.750566968715,51964.80221437201
2024-04-10 04:00:00+00:00,3484.392205714796,3492.8668436680223,3479.7739884509033,3483.2865597075734,29606.637276571317
2024-04-10 05:00:00+00:00,3452.378764276511,3453.552292266686,3441.7498018785154,3447.7946078052264,35192.07397073683
2024-04-10 06:00:00+00:00,3455.064151592322,3458.3063932776254,3452.0841252057676,3452.5225768781497,55535.240079013056
2024-04-10 07:00:00+00:00,3458.075723808297,3465.2649685578967,3448.9678184922445,3451.8607886474165,61070.558959998176
2024-04-10 08:00:00+00:00,3346.839387126903,3352.5786603781553,3339.7710343450226,3345.387359427875,41217.12794146378
2024-04-10 09:00:00+00:00,3336.310688393397,3340.0353987042463,3333.741259887018,3338.091718795793,42915.572359893486
2024-04-10 10:00:00+00:00,3344.1024102069214,3347.8958946273474,3342.1718386037473,3342.41862709754,55093.28917744309
2024-04-10 11:00:00+00:00,3526.524615885118,3545.64162708546,3520.642412533502,3542.0952826562484,44244.62093425243
2024-04-10 12:00:00+00:00,3697.0319472127157,3701.3544190696043,3687.571149573505,3694.909854791773,26866.432717864074
2024-04-10 13:00:00+00:00,3583.0202515196543,3604.829097146394,3578.833480335975,3602.7366574600774,31787.192121462667
2024-04-10 14:00:00+00:00,3553.4442851257895,3566.02616577605,3552.8309893578135,3562.6544419717425,45873.90027619062
2024-04-10 15:00:00+00:00,3424.5071630418347,3424.648145121246,3416.390308723002,3422.188107341719,64652.26889015467
2024-04-10 16:00:00+00:00,3361.677686102689,3365.3119086846004,3359.1435441304275,3359.271460091634,74380.82664628369
2024-04-10 17:00:00+00:00,3366.668570387522,3376.832271759848,3361.9008307291106,3372.549092578995,55503.1430718003
2024-04-10 18:00:00+00:00,3457.853700102117,3464.5403833895034,3455.8523797110583,3461.551166582805,46719.242284642736
2024-04-10 19:00:00+00:00,3393.963049318346,3394.068158540416,3385.6854787497186,3387.0000157932236,54909.65585848862
2024-04-10 20:00:00+00:00,3318.026860335619,3325.7275008396073,3315.0716166177817,3320.437648143183,33456.34839735904
2024-04-10 21:00:00+00:00,3147.8560717717055,3151.692411255972,3133.9387780988995,3137.300997571343,40043.786492190855
2024-04-10 22:00:00+00:00,3113.7109238904864,3115.4772460183344,3111.37858556836,3113.71989071802,31663.310127297016
2024-04-10 23:00:00+00:00,3024.3191539036493,3026.8342978739734,3017.596739343438,3022.46923871429,27290.65784252734
2024-04-11 00:00:00+00:00,2980.267857226834,2980.5646870128003,2970.4179311012035,2973.057266956516,47481.80133679018
2024-04-11 01:00:00+00:00,2900.1859925266417,2901.3018504656625,2894.1470366403164,2899.616100023161,45084.29731769801
2024-04-11 02:00:00+00:00,2879.1643372412177,2885.452757533925,2875.1426594107515,2883.49972513043,53746.724379894215
2024-04-11 03:00:00+00:00,2751.552465795661,2756.78579947146,2749.5941585129967,2752.005421608604,51149.028272676194
2024-04-11 04:00:00+00:00,2645.5145225420783,2647.2863554839732,2643.9435046918566,2645.6558431705,45994.8690909382
2024-04-11 05:00:00+00:00,2774.6834174167984,2784.223553747962,2774.553693778754,2780.375158097301,51337.4336467169
2024-04-11 06:00:00+00:00,2684.181632308068,2687.029993535421,2680.414347890145,2685.2120773596785,41623.514922373266
2024-04-11 07:00:00+00:00,2602.851181951564,2608.745540968247,2600.37381756475,2605.7521349017256,48818.84186499154
2024-04-11 08:00:00+00:00,2723.035310924971,2725.5273312688096,2718.012628680764,2719.2649504487777,32768.04533278712
2024-04-11 09:00:00+00:00,2914.097333170783,2918.537933649976,2911.5420431781063,2913.946047469816,48086.497852442524
2024-04-11 10:00:00+00:00,2821.8800614041666,2824.994782168054,2820.2736323037425,2823.0775929183533,53386.107004066354
2024-04-11 11:00:00+00:00,2789.715013487347,2790.3170069702087,2783.2903714664562,2790.1594102567356,33422.04973854781
2024-04-11 12:00:00+00:00,2807.632652213434,2808.1122817311566,2806.670691767325,2806.693299602353,43023.46172684071
2024-04-11 13:00:00+00:00,2924.844825940285,2926.8362752845096,2921.5829106121782,2922.1411986630337,33965.43790642314
2024-04-11 14:00:00+00:00,2840.5142469390757,2845.492988807074,2834.898610633311,2844.7801892536854,35139.54062704523
2024-04-11 15:00:00+00:00,2816.556371706214,2824.4790729442925,2810.501524118931,2820.963793204826,28499.287287832176
2024-04-11 16:00:00+00:00,2874.004381359968,2876.075213893428,2867.3031597560307,2869.249980134695,65800.37764572128
2024-04-11 17:00:00+00:00,2892.1348499232377,2900.9418421165124,2889.9439423087315,2893.924757747746,61349.93826955553
2024-04-11 18:00:00+00:00,2854.932743830204,2861.135111051544,2850.2753071095385,2861.0131496169797,50993.90943668471
2024-04-11 19:00:00+00:00,2847.5835998818693,2850.7791009818025,2844.4684554718124,2845.6891703507363,84257.10828287649
2024-04-11 20:00:00+00:00,2746.926213403719,2747.8140973804693,2744.735989980738,2745.0182755248898,39542.19620202104
2024-04-11 21:00:00+00:00,2717.39822393252,2725.569267093603,2714.67135117521,2723.651927273321,122085.44874191888
2024-04-11 22:00:00+00:00,2701.6829177492336,2704.6138430121996,2694.582243207667,2700.753257513367,39015.89231670279
2024-04-11 23:00:00+00:00,2714.477374169558,2715.5501975855714,2709.058840127668,2711.4855897367975,46197.33104904536
2024-04-12 00:00:00+00:00,2671.400954469301,2674.4519499324283,2666.509066173099,2669.9015919941535,36758.96288404077
2024-04-12 01:00:00+00:00,2699.370366247417,2705.1517278216893,2691.4373519364785,2696.8138616088854,48130.60723642183
2024-04-12 02:00:00+00:00,2755.104819650007,2762.9302087133237,2747.7354120682558,2760.9204325185165,56603.4296877566
2024-04-12 03:00:00+00:00,2768.775987558027,2771.976373398766,2765.198383761263,2767.401805873897,40598.60133894518
2024-04-12 04:00:00+00:00,2786.3383012762592,2792.105526173274,2783.0275342804725,2787.6036772077023,78685.29587516053
2024-04-12 05:00:00+00:00,2785.452876218128,2789.984784040506,2778.557658496824,2787.471521945909,45938.6404792883
2024-04-12 06:00:00+00:00,2787.5094517218454,2789.325301963604,2783.4998546682286,2783.8741758023502,46445.25183022262
2024-04-12 07:00:00+00:00,2737.3150087590975,2738.3153381986704,2726.012480420487,2731.254595800503,30736.631775665526
2024-04-12 08:00:00+00:00,2756.957878096297,2760.7751466225673,2748.217766268145,2749.5572931908328,48914.75209874417
2024-04-12 09:00:00+00:00,2745.374513949399,2747.933474662636,2736.486206608066,2739.9707113609093,40313.83968580537
2024-04-12 10:00:00+00:00,2882.2557464238394,2883.861401116458,2879.286542628624,2882.730247490693,34148.56103531849
2024-04-12 11:00:00+00:00,2995.9505609945077,2999.174078046608,2992.781107735772,2994.3663009397656,32195.8741048638
2024-04-12 12:00:00+00:00,3023.925077405002,3025.889999081526,3018.904897927791,3020.4508512112884,107632.38052658807
2024-04-12 13:00:00+00:00,2962.091235172341,2964.1141785606656,2957.426028262227,2961.5529228074492,38528.079620281154
2024-04-12 14:00:00+00:00,2879.568841283067,2883.4959243974754,2873.543017074188,2879.004135326442,25372.33625120635
2024-04-12 15:00:00+00:00,2966.825450117574,2967.409827367748,2959.8773804528514,2963.1640765850493,33089.8584069773
2024-04-12 16:00:00+00:00,2980.4482383560394,2985.5670564665174,2976.7254224217095,2980.713295212817,41494.28097821802
2024-04-12 17:00:00+00:00,3011.454368326768,3015.2388432818893,3006.636577838871,3014.752297527252,51158.96854848303
2024-04-12 18:00:00+00:00,2884.230941979533,2887.7636929840096,2882.73152589941,2886.0252115558023,51304.739529940925
2024-04-12 19:00:00+00:00,2954.6945624706696,2961.0582882312597,2946.8170063705184,2951.887714086873,53539.486491368596
2024-04-12 20:00:00+00:00,2984.3333045661843,2989.336279287489,2979.0270939326324,2984.3199051584193,33713.66505718699
2024-04-12 21:00:00+00:00,2904.172688909056,2907.246936907565,2893.917905794412,2902.6914020469367,47596.4657260837
2024-04-12 22:00:00+00:00,2871.3776863545363,2872.6286935564112,2865.807511968397,2868.4945084148467,31093.025741890957
2024-04-12 23:00:00+00:00,2885.333945067741,2888.927337225121,2882.7967476140393,2886.957171942221,34012.54100681832
2024-04-13 00:00:00+00:00,2893.866866149572,2896.887962418714,2885.563223676915,2890.587863504194,30643.06010389919
2024-04-13 01:00:00+00:00,2871.4713861079067,2874.407505626801,2864.751261776878,2869.840559304411,27873.272497995567
2024-04-13 02:00:00+00:00,2857.4755484433667,2865.484734191314,2855.1168767051768,2862.7780421303846,61318.25981827272
2024-04-13 03:00:00+00:00,2851.6109363820474,2854.409793917814,2842.843397448363,2845.454916493303,53764.7715693074
2024-04-13 04:00:00+00:00,2854.7489833481295,2859.3842725228565,2850.2419296709286,2856.894845964504,59467.93342825311
2024-04-13 05:00:00+00:00,2956.407928682252,2964.1654548518454,2954.5729127955055,2963.7659013947864,42835.359879579184
2024-04-13 06:00:00+00:00,2778.031694411756,2784.313389969388,2775.496389879699,2782.393278301382,55450.295804891815
2024-04-13 07:00:00+00:00,2763.1234525826794,2771.64787401288,2759.634415325892,2767.3618547271017,22808.951354473782
2024-04-13 08:00:00+00:00,2781.126357807855,2781.624177816936,2775.6329032795934,2780.908723952337,57150.31974818578
2024-04-13 09:00:00+00:00,2801.8415268199064,2805.477127638959,2799.6651096446312,2802.9929283656197,44952.04677235769
2024-04-13 10:00:00+00:00,2777.722017008277,2780.538371219417,2777.4729411099033,2779.1261648098985,52619.81258069334
2024-04-13 11:00:00+00:00,2665.2824389713746,2668.125789616774,2662.4301166328573,2662.807218670708,48260.45597582418
2024-04-13 12:00:00+00:00,2688.0102899480867,2690.0715102442014,2685.7851500010556,2686.640605528788,29908.270566266834
2024-04-13 13:00:00+00:00,2807.739619203492,2813.036240858481,2805.621188876914,2806.4091797353744,25010.367337742628
2024-04-13 14:00:00+00:00,2706.047621340194,2709.576171845179,2701.4325471474413,2704.38512036734,32930.04278435903
2024-04-13 15:00:00+00:00,2768.1507100907047,2768.740099481888,2764.5776006943165,2765.594741893517,51486.79681357574
2024-04-13 16:00:00+00:00,2737.455122693632,2749.9903287065367,2735.5168086617323,2746.138219548953,53792.62355447313
2024-04-13 17:00:00+00:00,2743.601653771875,2746.571487326125,2741.7959801072875,2745.102284189981,26175.518269160555
2024-04-13 18:00:00+00:00,2668.972155398982,2679.479878703718,2666.5923810628897,2677.7291735401764,29970.680142723748
2024-04-13 19:00:00+00:00,2659.199041240408,2662.3589446240835,2653.4027185539294,2659.055213235897,32801.421856165696
2024-04-13 20:00:00+00:00,2749.6926090680863,2751.6501316077647,2745.1188712612316,2749.711718075109,37283.3774560134
2024-04-13 21:00:00+00:00,2797.9933528015667,2802.2902689378175,2790.2282592319098,2793.612135325476,26229.548038068126
2024-04-13 22:00:00+00:00,2925.537392009898,2927.1034145146414,2917.7730005268945,2920.334956660704,25684.46246313592
2024-04-13 23:00:00+00:00,3012.291547335202,3014.1851704013634,3008.675187242699,3011.3755995864335,31688.758611590838
2024-04-14 00:00:00+00:00,3046.949164772417,3051.0861237998656,3042.593786991676,3049.237744597106,43544.92642369696
2024-04-14 01:00:00+00:00,3191.4593772332983,3193.5677087579934,3184.007444782294,3189.138508253209,27949.416837393273
2024-04-14 02:00:00+00:00,3227.119852393437,3235.0370556587454,3225.297601901187,3229.677357853554,40571.79518491879
2024-04-14 03:00:00+00:00,3302.5957315791197,3307.1512318472896,3298.5482798697813,3302.6026306406,61196.97985051667
2024-04-14 04:00:00+00:00,3289.561384844132,3296.225925589795,3283.9729948574864,3284.702638001507,26788.734527939734
2024-04-14 05:00:00+00:00,3293.8631762998534,3304.4032775159453,3289.4223911219774,3296.62131766421,39304.86640700397
2024-04-14 06:00:00+00:00,3250.761107267874,3252.00149947114,3241.2088392688834,3246.8372461463987,60477.367891754795
2024-04-14 07:00:00+00:00,3337.770947914293,3341.24974461263,3331.0353144034448,3334.382874629766,36496.282904724285
2024-04-14 08:00:00+00:00,3240.977482760465,3246.5809503859728,3232.967183617231,3245.625828233864,34564.25176590808
2024-04-14 09:00:00+00:00,3321.392977018802,3323.1647290754345,3314.614038156054,3316.548027044568,63486.53834200066
2024-04-14 10:00:00+00:00,3312.0782045577957,3314.1381532327787,3304.137346224269,3308.611277824888,37956.22895324215
2024-04-14 11:00:00+00:00,3414.6056207173933,3415.8543661529898,3410.072361162336,3414.0836454597015,62188.967499676575
2024-04-14 12:00:00+00:00,3482.71006572318,3487.9831818540056,3478.7753290314936,3486.6970521540193,49094.26574442403
2024-04-14 13:00:00+00:00,3651.936337332622,3659.9891503098593,3647.846261823472,3656.64905965243,37472.55226151302
2024-04-14 14:00:00+00:00,3730.07320475964,3734.0917307758455,3725.317460192155,3733.083914035163,49973.658645316216
2024-04-14 15:00:00+00:00,3603.1577671266514,3608.581514670012,3593.770307606325,3600.2275718060723,47264.60391018082
2024-04-14 16:00:00+00:00,3598.961808239073,3605.747608832434,3591.17216000186,3604.128101519599,60395.42404063029
2024-04-14 17:00:00+00:00,3513.23833976665,3522.6739893607933,3506.726633928258,3510.934224675558,34871.97212383423
2024-04-14 18:00:00+00:00,3469.70426915071,3478.7138393009436,3463.5603900683045,3476.179116105904,42863.74986247832
2024-04-14 19:00:00+00:00,3618.20855514035,3623.092147533112,3615.64410229227,3619.3164383136545,41350.05972895453
2024-04-14 20:00:00+00:00,3688.598882873384,3689.4206853286805,3681.589335509003,3687.992312759414,54057.92751603442
2024-04-14 21:00:00+00:00,3649.2888044500855,3656.6737061859158,3633.529488153968,3635.9532361544666,29511.842862397552
2024-04-14 22:00:00+00:00,3549.727579043044,3563.02277065142,3542.75782399005,3557.0764045728943,60312.918665932855
2024-04-14 23:00:00+00:00,3579.3550161734142,3583.5720315763683,3561.6567063656757,3571.469134289249,49740.496690579675
2024-04-15 00:00:00+00:00,3477.7591111761435,3478.4265573863354,3473.1023780238147,3476.9776130977543,26647.106697807103
2024-04-15 01:00:00+00:00,3433.345142568887,3437.212462972257,3430.080196778958,3431.2289051137855,64489.10809006092
2024-04-15 02:00:00+00:00,3470.3433797506605,3471.478672646575,3466.8949189184286,3469.727427249099,92345.49577896645
2024-04-15 03:00:00+00:00,3585.2985503803393,3592.0296370544834,3575.519350010742,3582.90842718328,59994.10114539229
2024-04-15 04:00:00+00:00,3649.483247414633,3655.7473671061766,3643.6909563895874,3650.3247482244624,69619.8008835449
2024-04-15 05:00:00+00:00,3469.2185626904347,3472.886440583481,3456.911241813623,3461.6684033354113,43531.479252882644
2024-04-15 06:00:00+00:00,3498.423003794743,3502.436806395548,3491.754772184419,3500.820038787989,23619.617858075373
2024-04-15 07:00:00+00:00,3526.3382586658513,3527.78388249068,3514.941203143233,3520.359449652759,22157.19325954578
2024-04-15 08:00:00+00:00,3566.884195257555,3575.3787628146606,3559.563494915545,3570.335105082341,46195.53133952519
2024-04-15 09:00:00+00:00,3730.313879705495,3737.096606163074,3723.43668581822,3730.6510476263425,34343.46561754243
2024-04-15 10:00:00+00:00,3553.382731131528,3565.0332700197837,3545.3336429766728,3559.105572972339,30676.67691899303
2024-04-15 11:00:00+00:00,3524.0925089179304,3524.2503607696685,3516.578306677166,3521.688830987257,41332.24782997915
2024-04-15 12:00:00+00:00,3596.1422281519485,3600.389025370817,3581.783855153591,3588.3637717078636,52407.99754337815
2024-04-15 13:00:00+00:00,3464.734826211855,3470.713377292505,3461.3220241267354,3465.1369008416627,25409.908907965026
2024-04-15 14:00:00+00:00,3608.3706517391292,3609.4546637646426,3605.559812435463,3609.4366214158317,36107.376754908975
2024-04-15 15:00:00+00:00,3652.2176605689824,3661.9751061806874,3643.4715585331214,3658.3341224732008,71669.05703609136
2024-04-15 16:00:00+00:00,3751.0122720318286,3756.671661842658,3745.9433668294805,3752.3028352428655,28998.770157516174
2024-04-15 17:00:00+00:00,3707.379443223187,3719.303922509844,3700.8417895264297,3716.2582955443654,57283.9665859353
2024-04-15 18:00:00+00:00,3803.9336670553175,3809.573547637056,3799.0394574901043,3809.149600282643,35657.11075934883
2024-04-15 19:00:00+00:00,3930.663647885866,3933.826185700881,3926.2250089631175,3929.326973093719,51143.33443095431
2024-04-15 20:00:00+00:00,3978.4628218293656,3981.6599811598035,3965.811643076838,3970.606897478141,62033.15383047146
2024-04-15 21:00:00+00:00,4029.6597593689307,4033.331410282252,4003.901863638079,4012.750764821017,54765.091373957956
2024-04-15 22:00:00+00:00,4055.661718447146,4061.920223201389,4049.2186182453474,4059.2333470544527,58079.35206670604
2024-04-15 23:00:00+00:00,4001.5134582504684,4004.4513402527,3992.909045649996,3992.9169068576407,28234.555979474702
2024-04-16 00:00:00+00:00,3999.6284716002674,4003.5328138454415,3993.9712353412597,3998.166627051663,62388.767500216054
2024-04-16 01:00:00+00:00,4002.298629483712,4008.2727921296337,3992.5025807256156,4003.2068429053547,31348.354061683836
2024-04-16 02:00:00+00:00,4064.691065939296,4068.0133165593056,4057.788684089648,4062.055232105275,46267.6943694103
2024-04-16 03:00:00+00:00,4185.8150222672775,4188.972008506614,4185.173773899901,4185.4263019483,46246.71892372612
2024-04-16 04:00:00+00:00,4099.310416516539,4103.63687965567,4088.28211420047,4098.631709384176,50068.7594342675
2024-04-16 05:00:00+00:00,4105.220524140238,4108.363145082185,4098.3332992955075,4107.736511703061,47538.465837274336
2024-04-16 06:00:00+00:00,4275.158952502535,4289.653861804002,4270.238283029632,4284.143506132367,31445.970826661418
2024-04-16 07:00:00+00:00,4219.221935774066,4233.241539704377,4215.255835152726,4229.013954557174,26341.63479501076
2024-04-16 08:00:00+00:00,4170.84692860745,4175.1171089101545,4158.607002219023,4166.764052661587,57335.86773163003
2024-04-16 09:00:00+00:00,4209.41115065923,4217.797634712447,4205.956858956308,4211.158992768226,45089.36709873853
2024-04-16 10:00:00+00:00,4320.635703071192,4325.244855738705,4311.978101834676,4324.502384873432,63173.584571399864
2024-04-16 11:00:00+00:00,4350.639354230254,4351.441178463776,4343.711940713212,4350.583847566902,41593.66312081449
2024-04-16 12:00:00+00:00,4527.605617106004,4532.877028219952,4516.012128540006,4522.2133372514845,25836.722369054045
2024-04-16 13:00:00+00:00,4647.581485418279,4652.20922120522,4640.275575695843,4646.324441323054,59249.04976437816
2024-04-16 14:00:00+00:00,4767.708293926224,4777.664430136752,4762.570981565383,4772.404733453771,37113.27196034679
2024-04-16 15:00:00+00:00,4876.41731230999,4879.941614940385,4858.060219687691,4867.46390725797,47622.51072791343
2024-04-16 16:00:00+00:00,5199.832016247279,5207.104564766781,5184.461125207609,5187.54387512177,33683.00992954245
2024-04-16 17:00:00+00:00,5196.948251085699,5205.0533248191705,5192.760084761167,5193.095830928327,75121.73660554367
2024-04-16 18:00:00+00:00,4979.946956237558,4986.373026884778,4964.578361236904,4972.684374244609,31087.52661742551
2024-04-16 19:00:00+00:00,5216.4277116911935,5220.827783723833,5198.179136246879,5206.727890060568,37543.638129165854
2024-04-16 20:00:00+00:00,5189.686637963553,5191.059899796717,5172.945489990409,5180.904233464659,43869.15264023093
2024-04-16 21:00:00+00:00,5233.058782392688,5240.707116151602,5220.476709608736,5228.242792997302,28827.80980099468
2024-04-16 22:00:00+00:00,5440.542962641908,5449.971625982899,5430.361189802759,5435.664342079947,47431.48215940263
2024-04-16 23:00:00+00:00,5262.834099779736,5270.132256273449,5249.525668001615,5258.734963940078,74274.89598299596
2024-04-17 00:00:00+00:00,5123.813979663646,5134.685244492022,5117.828804844776,5132.261715868332,35585.654656475395
2024-04-17 01:00:00+00:00,4971.238982600515,4978.21997735675,4961.753363146854,4966.019275544837,48516.519124833816
2024-04-17 02:00:00+00:00,4892.489136631262,4909.893057522853,4887.686297067218,4902.459370993372,16140.021076398647
2024-04-17 03:00:00+00:00,4984.176652919592,4999.781714640892,4971.145783288668,4990.124378087344,41678.238481556116
2024-04-17 04:00:00+00:00,5100.304790215813,5102.724038420051,5090.277658976028,5090.351383845538,37865.467679683745
2024-04-17 05:00:00+00:00,5167.691675046695,5172.157218238947,5153.18780101969,5161.186875132817,31725.79882522425
2024-04-17 06:00:00+00:00,5030.305332585033,5037.591041867873,5018.983631378673,5019.107215353234,61689.39389574305
2024-04-17 07:00:00+00:00,4772.118894943145,4779.002893448666,4766.753903920425,4774.064381440912,37690.91429344348
2024-04-17 08:00:00+00:00,4806.667125807808,4816.576261445751,4802.358137341254,4814.989224439739,39705.40137881181
2024-04-17 09:00:00+00:00,4792.042420355068,4799.757638480854,4790.798790427763,4793.771321765071,37024.75887447843
2024-04-17 10:00:00+00:00,4885.002960400886,4891.584021637842,4877.064222217744,4884.2554400229865,21600.55046131217
2024-04-17 11:00:00+00:00,5007.3550927208535,5012.626724687722,5002.085693985904,5006.761876180424,28428.981488286852
2024-04-17 12:00:00+00:00,5070.191725074223,5075.92991940774,5060.220580170305,5061.584395942334,59144.705337242405
2024-04-17 13:00:00+00:00,5193.921735745228,5201.127959119846,5184.636573993616,5196.737877297572,20188.671442185652
2024-04-17 14:00:00+00:00,5268.995725044846,5278.938148005518,5254.605497776312,5266.214891278368,32310.55578851757
2024-04-17 15:00:00+00:00,5368.906504119989,5379.351230359118,5356.863579523732,5376.880098587066,36733.98447604676
2024-04-17 16:00:00+00:00,5328.606471107722,5332.0573168485835,5317.281531394928,5325.009555394909,77779.0416495612
2024-04-17 17:00:00+00:00,5343.015521777226,5348.393754760579,5336.406757874241,5342.990608345554,55291.30548845037
2024-04-17 18:00:00+00:00,5405.49670047755,5419.848719327847,5393.984562074598,5411.583216392882,34764.427626229284
2024-04-17 19:00:00+00:00,5564.7466785298275,5567.281316386312,5551.515555587617,5566.715871109766,66698.61231240116
2024-04-17 20:00:00+00:00,5555.6137820578115,5558.337260602452,5544.538676583318,5557.149020161739,32603.63602387318
2024-04-17 21:00:00+00:00,5672.746325034301,5676.30951504826,5669.677802225311,5675.0460392293835,60146.86281958144
2024-04-17 22:00:00+00:00,5699.148461440989,5704.959410868049,5676.423911664976,5684.04588409483,26258.698819182602
2024-04-17 23:00:00+00:00,5713.547401721755,5716.271369242351,5704.933307412727,5714.391240181583,61512.75766024234
2024-04-18 00:00:00+00:00,5879.4055272680835,5886.081765840252,5879.013183494302,5881.557260674579,36651.61811693488
2024-04-18 01:00:00+00:00,5627.779316508247,5653.42702902695,5619.176960579899,5645.541185155796,29477.517951951777
2024-04-18 02:00:00+00:00,5506.220440123302,5517.007197773753,5490.852059758446,5513.6159139526735,39157.97436684454
2024-04-18 03:00:00+00:00,5358.337178330697,5366.556785452347,5349.506878092422,5360.452467211474,46556.881202873585
2024-04-18 04:00:00+00:00,5097.975206232103,5107.411969350406,5086.599639634214,5103.225297323055,35532.30927939718
2024-04-18 05:00:00+00:00,5072.364231798147,5079.48212119689,5055.150817221051,5061.87318886549,51289.60401710255
2024-04-18 06:00:00+00:00,5200.517329231398,5208.489008494695,5194.543249650207,5201.804290272925,34451.636312614326
2024-04-18 07:00:00+00:00,5220.92949870413,5223.982905975531,5203.214891115807,5210.858647416719,52495.88007094682
2024-04-18 08:00:00+00:00,5283.517314954211,5288.266187593592,5279.705724666253,5283.028333959174,49322.58429858741
2024-04-18 09:00:00+00:00,5476.370274250086,5485.276199714669,5473.187590373009,5476.064481200976,41358.637394714395
2024-04-18 10:00:00+00:00,5709.390754588113,5717.209212505709,5697.47860641077,5710.151316317298,36202.223676584865
2024-04-18 11:00:00+00:00,5752.348488655091,5753.279349594778,5739.887051404082,5752.315732798199,44551.402384979796
2024-04-18 12:00:00+00:00,6018.369205612221,6026.7550257478315,5999.853775144318,6002.892592923379,51223.23121797066
2024-04-18 13:00:00+00:00,6051.119738151141,6074.368247258781,6039.758160794439,6072.247614203234,86941.37641877183
2024-04-18 14:00:00+00:00,5985.10062407575,6014.21473327203,5978.282828269847,6003.123914763148,58697.7562118168
2024-04-18 15:00:00+00:00,5966.137919830987,5980.642772761733,5957.559412951964,5971.0028316864755,59453.87704532588
2024-04-18 16:00:00+00:00,5810.74773233429,5817.569150889722,5801.776453679636,5810.621108308122,124534.60411751528
2024-04-18 17:00:00+00:00,5744.404055576114,5750.690385021792,5727.583459073724,5738.463846638244,50612.0566017043
2024-04-18 18:00:00+00:00,5746.522880666227,5751.548678361658,5735.224421903944,5742.4478628123725,50060.365277070705
2024-04-18 19:00:00+00:00,5911.042719876288,5922.773935550552,5898.114599155113,5914.45162567243,54055.409904458575
2024-04-18 20:00:00+00:00,6241.429578732366,6246.282496810682,6223.075659318014,6231.903705480427,29679.787591332148
2024-04-18 21:00:00+00:00,6090.806634126531,6097.758327079195,6071.454239797769,6081.409074616489,36170.3159496797
2024-04-18 22:00:00+00:00,6203.217163640194,6212.665659740611,6197.680441779034,6201.505010295971,35390.559736329094
2024-04-18 23:00:00+00:00,6112.795095802845,6116.847365928216,6087.432763667554,6103.981030460911,52998.79862434541
2024-04-19 00:00:00+00:00,6240.566771814186,6244.500103423068,6228.47846229828,6238.015623694661,39751.32830522874
2024-04-19 01:00:00+00:00,6275.272267910003,6282.341701381214,6264.60996410926,6280.561911277766,44344.2279554271
2024-04-19 02:00:00+00:00,6069.656277800448,6071.8493438666055,6062.859336833914,6063.309658430861,61819.16754683053
2024-04-19 03:00:00+00:00,6268.755577073217,6269.36387947956,6263.803904543889,6267.715639675708,57151.58434047914
2024-04-19 04:00:00+00:00,6238.192932567062,6247.162813175801,6225.289079556608,6238.180395258428,39924.97239736856
2024-04-19 05:00:00+00:00,6233.8953081962845,6246.895153830572,6211.438977543432,6220.152314838727,33418.38073089816
2024-04-19 06:00:00+00:00,6098.3873631405495,6132.245098208861,6097.535748870818,6120.889639870894,62862.544530787105
2024-04-19 07:00:00+00:00,6072.947797980328,6086.037789198698,6061.24642424623,6085.889602005481,55393.7220603449
2024-04-19 08:00:00+00:00,6204.715199622506,6224.702164680021,6199.631353584981,6215.783057989854,24080.790967767392
2024-04-19 09:00:00+00:00,6249.246695787478,6264.241527178792,6235.5738321450435,6252.653710341241,37863.98798126169
2024-04-19 10:00:00+00:00,6368.894843165586,6375.95316782023,6361.643760694141,6371.32813145738,44769.84300335426
2024-04-19 11:00:00+00:00,6483.361320374679,6504.946923907522,6474.652255603112,6498.053344073859,55489.55222290633
2024-04-19 12:00:00+00:00,6776.88033482494,6788.299126163176,6763.155334553634,6786.909602589278,58098.501804740175
2024-04-19 13:00:00+00:00,6794.380416989325,6811.057044271802,6790.49569655483,6803.165089071148,46663.92835976785
2024-04-19 14:00:00+00:00,6655.614899413143,6658.02332792357,6627.822708934371,6631.171498514439,51854.46214909593
2024-04-19 15:00:00+00:00,6902.678374237002,6910.407862403765,6876.759397160213,6884.073388543738,43209.14810992584
2024-04-19 16:00:00+00:00,6899.667568023059,6904.368471435876,6887.3929148043435,6903.931602748809,33373.30279823318
2024-04-19 17:00:00+00:00,7172.728077208167,7186.1562194269445,7170.803017961513,7176.642037896406,38557.931203392065
2024-04-19 18:00:00+00:00,7314.208330535232,7338.669080114338,7313.97152733488,7326.838378462154,42531.76757764713
2024-04-19 19:00:00+00:00,7364.900988590281,7389.956565609076,7351.816471255037,7386.041283600143,41740.2802703327
2024-04-19 20:00:00+00:00,7533.892027135923,7537.608143547462,7528.031298154469,7535.2131028040485,21838.04947745383
2024-04-19 21:00:00+00:00,7986.9528789783935,8001.274089595692,7979.561419001792,7998.925494481127,36762.753026047474
2024-04-19 22:00:00+00:00,8517.19694714868,8525.437768063273,8516.34720956447,8518.281118171264,43089.370061408204
2024-04-19 23:00:00+00:00,8611.51438743712,8637.854376750223,8605.273498266217,8632.234415439973,38287.55300821112
2024-04-20 00:00:00+00:00,8757.983236127699,8768.613127012857,8747.520048224273,8768.004729609158,38753.304336900095
2024-04-20 01:00:00+00:00,9112.798359971583,9124.388119479288,9093.900759786698,9110.767199674281,50119.05793112673
2024-04-20 02:00:00+00:00,9032.744261650936,9039.338325481765,9021.825577263991,9027.785169287348,28961.55724477479
2024-04-20 03:00:00+00:00,9216.785731799706,9220.05362083061,9189.27821355466,9211.017719385727,23897.875861986915
2024-04-20 04:00:00+00:00,9297.047484055038,9321.714832570737,9290.346071977778,9315.499004781648,37402.776027881504
2024-04-20 05:00:00+00:00,9513.566968734503,9529.195692188248,9494.527480364372,9501.385920290628,55204.49580607819
2024-04-20 06:00:00+00:00,9409.023468918413,9433.159107480342,9387.607117455564,9420.330857325249,76267.57781365291
2024-04-20 07:00:00+00:00,9176.12688312877,9184.587128628846,9155.066476818927,9167.42436752744,55553.65094378034
2024-04-20 08:00:00+00:00,8815.676606782881,8827.907857052076,8808.504324897682,8815.817289726787,25272.37843458897
2024-04-20 09:00:00+00:00,8663.272973347168,8683.830341303623,8653.817818242991,8681.196007840525,38949.88500826222
2024-04-20 10:00:00+00:00,8685.624166625612,8698.604201532107,8666.974815630636,8689.74568308319,46220.6370239359
2024-04-20 11:00:00+00:00,8739.397022379266,8748.908924403475,8715.163828659473,8734.610057655065,44959.462242995585
2024-04-20 12:00:00+00:00,9287.175395709546,9293.844498668215,9272.814904523193,9278.644164233918,51027.308353680215
2024-04-20 13:00:00+00:00,9654.483959970268,9668.705674968263,9643.185352795443,9656.5261399459,30650.139769213387
2024-04-20 14:00:00+00:00,9570.945424337677,9576.034678160977,9536.943536389563,9549.00497796045,43221.34344400978
2024-04-20 15:00:00+00:00,9769.225127955358,9781.982685044808,9749.512310972956,9754.483507157052,48945.98505306949
2024-04-20 16:00:00+00:00,9776.881902228259,9793.666436160298,9765.530742274019,9780.647267301569,56406.77003937969
2024-04-20 17:00:00+00:00,9848.46470552792,9855.853968497648,9825.554308574187,9837.39583773915,31868.019884700836
2024-04-20 18:00:00+00:00,10039.900796453949,10057.111027958821,9990.859214767788,10010.862385759901,37442.23892872647
2024-04-20 19:00:00+00:00,10328.365957546903,10336.923830252816,10277.020498463005,10298.082110454186,16399.78402895881
2024-04-20 20:00:00+00:00,10326.8708446138,10352.449810926953,10316.858391656644,10345.928042218064,33990.8939978021
2024-04-20 21:00:00+00:00,10747.080168310913,10779.420181569925,10735.793232221475,10762.037244086141,35165.27680250425
2024-04-20 22:00:00+00:00,10624.449193445198,10633.051044623324,10583.186677462798,10600.837120152966,29569.687803959347
2024-04-20 23:00:00+00:00,10726.762559125687,10745.109883612426,10718.284468335525,10743.817526879218,44771.35807967585
2024-04-21 00:00:00+00:00,11587.735693589488,11614.760565591396,11569.055706209303,11610.76927351957,41430.75388777235
2024-04-21 01:00:00+00:00,11823.681338773942,11851.433249828044,11810.2204859734,11832.310538678714,19161.04854260515
2024-04-21 02:00:00+00:00,12433.387646174278,12435.288744943418,12419.076375409415,12425.555320835476,45560.09132419199
2024-04-21 03:00:00+00:00,12621.29615736131,12644.409170929452,12614.60416564172,12623.235023901148,30529.423027537683
2024-04-21 04:00:00+00:00,12968.52663088711,12993.746289637917,12939.82804546489,12981.194269999329,50078.68605465651
2024-04-21 05:00:00+00:00,13127.934430856212,13144.96390036466,13113.618353184424,13141.224396732105,26976.238341531265
2024-04-21 06:00:00+00:00,13252.615434935746,13275.416227022177,13221.495009025333,13266.791075449039,42696.05991351868
2024-04-21 07:00:00+00:00,13176.680211253159,13199.227979705456,13165.605809526296,13194.086700695092,38263.52867900052
2024-04-21 08:00:00+00:00,13567.833370701172,13588.452883583925,13502.574377662479,13521.556528809057,46978.49827565236
2024-04-21 09:00:00+00:00,13431.354150750709,13450.68800328313,13386.766636942426,13425.362859622577,44134.79179402403
2024-04-21 10:00:00+00:00,13859.261663228108,13859.698183962264,13834.486984039484,13840.851412761702,38640.34324842503
2024-04-21 11:00:00+00:00,14408.618562090856,14430.124230653753,14406.767484703902,14419.19671842589,24677.923138301114
2024-04-21 12:00:00+00:00,14753.75678990461,14764.98788002575,14722.764855237012,14757.87327752014,25193.38768394213
2024-04-21 13:00:00+00:00,14847.557118786906,14889.86503750932,14838.333317037423,14863.465946741797,34440.86946810887
2024-04-21 14:00:00+00:00,15187.005084791963,15250.54972730959,15169.000806050091,15247.653579920718,42127.73845644887
2024-04-21 15:00:00+00:00,15318.635362193338,15380.490445745843,15306.535826951289,15350.364779797677,34148.462815605046
2024-04-21 16:00:00+00:00,15894.882719385168,15953.789416216889,15872.825168954814,15938.169640899932,52584.87492851441
2024-04-21 17:00:00+00:00,15402.063683969538,15458.89679788066,15393.82936098667,15454.216652859366,38316.36279900309
2024-04-21 18:00:00+00:00,15523.311314621435,15560.426947126552,15506.638627245424,15551.195205746812,30139.900747094038
2024-04-21 19:00:00+00:00,15051.56232277209,15059.374515530302,14998.951732166324,15021.707677420278,38331.44782292691
2024-04-21 20:00:00+00:00,14689.425702895967,14693.860489482697,14682.16642698184,14690.404880838361,45725.46192712224
2024-04-21 21:00:00+00:00,15450.704956729174,15467.034746784902,15409.904668213554,15420.8525664696,47338.03075878293
2024-04-21 22:00:00+00:00,16011.910060700937,16016.125206745752,15986.73394883806,16002.04521803185,81535.38110261809
2024-04-21 23:00:00+00:00,15974.475240276413,15979.39888864587,15952.557351909269,15955.745775759882,33431.082627018404
2024-04-22 00:00:00+00:00,15584.220857331893,15617.359349172,15570.129490880234,15605.309021344086,41177.287177599785
2024-04-22 01:00:00+00:00,14732.757058540536,14733.960926893982,14702.29768532546,14721.187288350664,49045.46549682338
2024-04-22 02:00:00+00:00,14761.86178681763,14769.961671738929,14732.172896917165,14745.743636897303,41905.04888355316
2024-04-22 03:00:00+00:00,15881.932799743252,15902.907298600656,15865.89146864048,15895.68210280744,35459.386620391444
2024-04-22 04:00:00+00:00,16328.420076436978,16336.213147312588,16295.376564771628,16314.726953887557,24566.023803625256
2024-04-22 05:00:00+00:00,16352.724899403967,16388.71034378387,16326.741862167044,16338.84861529119,35332.81933214237
2024-04-22 06:00:00+00:00,16770.612067662903,16801.800523912476,16742.374653637064,16784.44797373018,29014.871513432176
2024-04-22 07:00:00+00:00,16372.439044338296,16418.873766252735,16336.334792462967,16400.059247554087,23087.515465963632
2024-04-22 08:00:00+00:00,16505.33873681601,16535.79618858287,16490.897659304977,16534.707560338786,31980.193537554813
2024-04-22 09:00:00+00:00,16838.34093200594,16848.572280417262,16810.234701924597,16836.156300768933,29286.370921307764
2024-04-22 10:00:00+00:00,17074.099838654092,17093.379597652234,17048.112440393812,17065.728846027992,51827.95340090387
2024-04-22 11:00:00+00:00,17658.183601226094,17686.011924970415,17632.476091054792,17679.20043573684,52142.82024507279
2024-04-22 12:00:00+00:00,18115.57940349683,18143.565033627394,18073.264479956903,18114.857019011444,30791.744010800037
2024-04-22 13:00:00+00:00,18727.857307169976,18733.0708064504,18682.72682467936,18711.843607481223,38571.91161074145
2024-04-22 14:00:00+00:00,18708.894002468296,18724.388340261685,18690.787930708128,18691.561577753353,22047.945480490635
2024-04-22 15:00:00+00:00,19465.437732247512,19478.058518956263,19390.75495967843,19420.230926792297,35537.38963001159
2024-04-22 16:00:00+00:00,20586.529963682533,20609.146168953022,20504.783533939357,20547.172445629127,48581.75354982182
2024-04-22 17:00:00+00:00,20355.892057529698,20399.063412674313,20334.622538462452,20386.51131621678,56392.299481594775
2024-04-22 18:00:00+00:00,20321.025253078442,20338.043376589554,20231.385476366388,20269.83622796395,32918.600910056775
2024-04-22 19:00:00+00:00,21278.52138708648,21313.760868315938,21263.26640823335,21295.48248836823,61053.68474921313
2024-04-22 20:00:00+00:00,21578.452284370458,21590.522565946172,21541.23531005519,21544.685100798382,24856.323358349033
2024-04-22 21:00:00+00:00,22678.451682812403,22707.730841210217,22646.686986692945,22676.139171521198,27301.30829954388
2024-04-22 22:00:00+00:00,22788.38781940702,22828.54885760299,22787.71479389462,22802.484864353195,54162.34941277451
2024-04-22 23:00:00+00:00,23968.614527116566,24056.53916500483,23943.875074972002,24033.78321879626,75830.21164845864
2024-04-23 00:00:00+00:00,24510.595443607042,24535.08959095374,24459.103840005107,24516.904789750453,50214.58637181907
2024-04-23 01:00:00+00:00,25031.37112156835,25127.139907319466,25027.945978080676,25090.05864680835,41657.62889207187
2024-04-23 02:00:00+00:00,26560.77678396037,26583.57919631955,26514.222171705573,26522.29429145898,19595.305897362112
2024-04-23 03:00:00+00:00,26793.550461828854,26815.413506735957,26719.96150478768,26732.72845249579,20816.54044070481
2024-04-23 04:00:00+00:00,26531.32293721492,26591.30715648605,26500.661321442694,26563.075547434826,44207.64295710702
2024-04-23 05:00:00+00:00,26732.199994037546,26786.14429074142,26694.873237983553,26720.0969627575,37273.49258484313
2024-04-23 06:00:00+00:00,27456.08808909746,27491.376631621,27396.250415169387,27485.99525099099,28690.38473710549
2024-04-23 07:00:00+00:00,26872.83196628452,26937.512462081333,26822.63233832549,26898.1896184498,43230.2619060375
2024-04-23 08:00:00+00:00,27832.430544502873,27836.21304687078,27757.135741000235,27800.13395972504,43987.27257567703
2024-04-23 09:00:00+00:00,27908.25245086765,27941.414152111207,27871.917546622564,27909.865847444715,58800.473511703174
2024-04-23 10:00:00+00:00,29292.69625172121,29349.672001677194,29173.3548295205,29216.45672412279,44319.07418342238
2024-04-23 11:00:00+00:00,27998.856153158507,28055.35811247076,27982.151689755803,28019.123750404367,64945.10552668144
2024-04-23 12:00:00+00:00,28005.48158901057,28036.354133096986,27913.228344100276,27963.564080653658,42368.37723917962
2024-04-23 13:00:00+00:00,27299.286284150872,27317.40564813703,27283.79103992673,27295.29789196284,40578.44870587942
2024-04-23 14:00:00+00:00,27250.719423842536,27278.477778396023,27169.65180652209,27218.22992059008,61320.46388670129
2024-04-23 15:00:00+00:00,27855.682187185987,27898.0372718528,27799.126802563947,27874.378549903842,29998.579957405498
2024-04-23 16:00:00+00:00,28246.188106872545,28263.214827218744,28208.123396293333,28248.288035349327,113143.95686138512
2024-04-23 17:00:00+00:00,28571.759986891604,28600.317349873912,28540.998176966386,28576.710854008135,48180.022836112024
2024-04-23 18:00:00+00:00,28942.098855463704,29010.868008525886,28899.25827057976,28978.440302251453,48274.07139015232
2024-04-23 19:00:00+00:00,29682.213846435887,29698.232439625463,29628.95198991852,29652.765024178185,50774.17934184029
2024-04-23 20:00:00+00:00,29476.930799654197,29492.14770239385,29406.63927456314,29448.207797899224,81499.926643712
2024-04-23 21:00:00+00:00,30542.709056201802,30548.324453522015,30481.342785881447,30515.540093067073,55755.82827295282
2024-04-23 22:00:00+00:00,31662.020398786575,31701.105105433166,31552.405620546,31589.193141446514,24090.914100950427
2024-04-23 23:00:00+00:00,32549.56437711269,32592.76396226284,32423.91661951866,32478.9545711767,69049.1789048519
2024-04-24 00:00:00+00:00,33519.288943233194,33576.351200077144,33480.82013726145,33538.15137087899,37498.110723382975
2024-04-24 01:00:00+00:00,34431.30065199561,34485.671197896954,34398.21575356869,34412.04441257036,43864.64441931985
2024-04-24 02:00:00+00:00,36829.348686136866,36902.63846570356,36788.79890550179,36863.83115190941,27000.772144553466
2024-04-24 03:00:00+00:00,37473.57682337737,37519.86443138694,37425.525321791574,37472.26405851845,50793.838616233596
2024-04-24 04:00:00+00:00,37852.45983057264,37931.33683432869,37803.99150688605,37886.54348094521,33636.889021618284
2024-04-24 05:00:00+00:00,37979.18163637639,38015.074848998076,37837.35316421388,37887.11195860182,43757.5306485534
2024-04-24 06:00:00+00:00,37650.350025720014,37676.00899916751,37557.28750584953,37629.82118117801,38250.9999313493
2024-04-24 07:00:00+00:00,37168.921662966175,37267.65733595806,37152.575670228114,37181.08150113869,82877.10388355673
2024-04-24 08:00:00+00:00,37131.46037791206,37158.52287834926,37016.061228081824,37065.09799391225,84554.4291417384
2024-04-24 09:00:00+00:00,37585.11798173789,37730.534563935755,37506.0783282223,37707.89197883814,42943.44267763525
2024-04-24 10:00:00+00:00,38633.89515117626,38799.80973654166,38633.34546626718,38750.96778834031,43206.742211464596
2024-04-24 11:00:00+00:00,39594.752666329994,39640.330686965244,39495.11221152017,39547.54247180298,37073.384586864464
2024-04-24 12:00:00+00:00,39559.222581077935,39565.43832675186,39524.376530330854,39555.63477930383,62221.87063257806
2024-04-24 13:00:00+00:00,41247.25081695688,41316.282502705486,41192.9827197444,41231.761303849205,37655.627022468056
2024-04-24 14:00:00+00:00,42726.03416716815,42851.6027633378,42701.824111575486,42811.2111025453,36457.10294614018
2024-04-24 15:00:00+00:00,43474.47940929322,43490.491266336285,43427.46982437105,43475.994572323456,59508.065386886214
2024-04-24 16:00:00+00:00,43749.48245678466,43824.437153094936,43509.836740662824,43618.39765154242,34994.80669868221
2024-04-24 17:00:00+00:00,45140.8434902925,45202.93044761467,45070.9075579213,45085.104800939414,41695.37001171303
2024-04-24 18:00:00+00:00,46202.21038619433,46213.35781548804,46172.84098093047,46190.4521531141,24291.96361641721
2024-04-24 19:00:00+00:00,45418.1385381779,45541.9795548802,45405.02878320481,45448.069767284964,54058.72602342788
2024-04-24 20:00:00+00:00,46247.329983293675,46339.28422014163,46135.911248849116,46274.71810453161,83338.26292269106
2024-04-24 21:00:00+00:00,47354.39874617794,47553.33915038426,47312.89914082254,47506.12365348857,54382.00095319677
2024-04-24 22:00:00+00:00,47409.59201893147,47502.23658582762,47335.258170922985,47391.27715603976,70473.31041345929
2024-04-24 23:00:00+00:00,48633.898190622866,48687.18045213394,48527.70571276931,48572.29760487525,31420.753250543585
2024-04-25 00:00:00+00:00,47687.35980858203,47847.32740448434,47661.660900341434,47800.332500180724,45893.24105468556
2024-04-25 01:00:00+00:00,50358.43923412564,50438.88836258667,50306.298380728564,50408.45073537273,30371.30901214698
2024-04-25 02:00:00+00:00,52954.50053845834,53118.165595646875,52799.83259417165,53046.59988329607,39012.667959037004
2024-04-25 03:00:00+00:00,53713.620233453,53860.68561197294,53596.82267102179,53791.51178370946,55361.165869913486
2024-04-25 04:00:00+00:00,55393.1340068503,55449.01504823084,55355.294338438776,55388.69059092979,43782.822863181405
2024-04-25 05:00:00+00:00,53087.00434208088,53281.518709653385,52999.23549841564,53253.50692898609,25769.20040096335
2024-04-25 06:00:00+00:00,52866.42107574256,52923.40885264669,52785.11660849862,52817.75449792985,26664.79528857855
2024-04-25 07:00:00+00:00,53580.188815200534,53631.52510474361,53517.343880811655,53519.66970367959,26054.668827948888
2024-04-25 08:00:00+00:00,53179.854363775376,53210.527787955834,53078.08632905226,53199.89230973877,50179.810287028646
2024-04-25 09:00:00+00:00,55070.91084764592,55283.06107050643,54960.104595815996,55276.59854024862,87005.16122176088
2024-04-25 10:00:00+00:00,59202.77947075616,59370.79468924199,59088.38569487768,59291.398050825504,68065.10946486342
2024-04-25 11:00:00+00:00,58905.92684105514,58938.980899855094,58745.972188345215,58797.190086988056,21758.60984401511
2024-04-25 12:00:00+00:00,58557.6496738231,58868.729830276585,58494.21669071856,58802.679936656416,69475.96963453713
2024-04-25 13:00:00+00:00,60363.43146546617,60437.98507879775,60259.314452578226,60394.91443558186,58635.74536378553
2024-04-25 14:00:00+00:00,64069.48033459006,64297.64793500139,63975.03889482239,64183.08446904692,24600.072076378718
2024-04-25 15:00:00+00:00,63670.49477790454,63715.31365366205,63534.95683988471,63593.74631842306,37996.110071781535
2024-04-25 16:00:00+00:00,65285.133481035904,65442.523064066605,65280.78224478292,65351.31285568555,61993.97468525726
2024-04-25 17:00:00+00:00,69869.46481785936,69922.69498807756,69737.79568642126,69827.15437820795,51226.45422183031
2024-04-25 18:00:00+00:00,68526.98352962585,68600.18740385976,68335.03112333253,68468.90884278441,26720.233448287574
2024-04-25 19:00:00+00:00,67947.21934761354,68045.206162995,67736.07554202236,67760.58374543072,52319.23619546511
2024-04-25 20:00:00+00:00,68481.85740687452,68552.20143502022,68369.058777761,68502.71051670346,19994.938073105426
2024-04-25 21:00:00+00:00,69130.7135520044,69241.17979571187,68992.79636704468,69091.74121159932,39080.225301288054
2024-04-25 22:00:00+00:00,71868.13723401724,72057.67070004002,71744.15723850693,72028.58690547392,62921.58213719573
2024-04-25 23:00:00+00:00,74174.00279392189,74261.28747491201,73907.74827239856,74041.7922632807,42522.88192380125
2024-04-26 00:00:00+00:00,72328.1240967146,72523.22373103829,72276.49090553772,72410.72759526182,35480.2502723721
2024-04-26 01:00:00+00:00,74888.025113834,75055.7021778067,74882.92311101471,74951.06879973241,57677.98409885656
2024-04-26 02:00:00+00:00,75512.80038889383,75677.66835280294,75450.38631583969,75515.32046293028,59428.11845844853
2024-04-26 03:00:00+00:00,79471.20423429171,79701.11801786642,79326.37677616153,79657.94847527255,66827.73883074429
2024-04-26 04:00:00+00:00,80196.94077338497,80210.77558366151,80103.64341369031,80169.43022907588,57375.891349277204
2024-04-26 05:00:00+00:00,80788.85103908087,80821.44117554206,80614.16686039197,80671.7801993014,61687.759981744515
2024-04-26 06:00:00+00:00,83620.89764179246,83737.65461958763,83577.9064600554,83584.17069573383,54604.83046575136
2024-04-26 07:00:00+00:00,86876.90741656913,87197.5611154704,86666.06990813783,87084.45984575925,46364.7457694287
2024-04-26 08:00:00+00:00,90016.64371080429,90128.9214325361,89856.5941588842,90033.36416172876,43594.56574542493
2024-04-26 09:00:00+00:00,88398.51325103863,88427.35112413816,88146.6835926742,88300.23126543054,38883.2455472992
2024-04-26 10:00:00+00:00,91248.68738675133,91640.06998741078,91077.3763919811,91506.45954129915,27640.316544291447
2024-04-26 11:00:00+00:00,91068.95979491877,91240.20200292971,90922.91288175131,91216.0136019217,30242.412474230296
2024-04-26 12:00:00+00:00,93958.8644078909,94118.15942429847,93738.93417903168,93835.48806254526,38278.91740106234
2024-04-26 13:00:00+00:00,92690.85959512992,92942.46550893364,92552.75905205961,92653.3217363836,45975.6822360704
2024-04-26 14:00:00+00:00,95885.78035936094,96002.74861221186,95740.25216811827,95826.56362781966,69957.5593448549
2024-04-26 15:00:00+00:00,96357.01090783502,96487.07985293565,95796.46991661898,96088.99542573917,41636.422457384295
2024-04-26 16:00:00+00:00,95297.1500701702,95364.26634142437,95078.8854935323,95230.21949425752,60028.59641575634
2024-04-26 17:00:00+00:00,99264.4986362354,99273.04808824454,99079.83332903218,99166.63782314716,61643.31774532359
2024-04-26 18:00:00+00:00,102488.13505972692,102553.56024469783,101917.34578641807,102073.09378608198,38962.43491392479
2024-04-26 19:00:00+00:00,102837.37267047583,102905.77834472303,102786.73639580987,102870.36389951705,52026.12143713265
2024-04-26 20:00:00+00:00,108987.65569242636,109132.63253585598,108742.08964343266,109118.25104998983,38798.032601607134
2024-04-26 21:00:00+00:00,110529.55438264742,110754.30694315524,110377.2378110152,110458.67364853443,67111.26520726146
2024-04-26 22:00:00+00:00,113213.94766632395,113345.6967196918,112963.99475664952,113139.44686295967,52780.90735516986
2024-04-26 23:00:00+00:00,116482.47628984702,116717.71045781701,116255.77991851176,116574.57872723494,27852.842886186623
2024-04-27 00:00:00+00:00,117327.45220521181,117605.14838035555,117155.05852347935,117509.4267781749,44707.35288024248
2024-04-27 01:00:00+00:00,122123.34540640886,122232.80179486805,121547.58747249932,121701.67749502751,75221.99015190621
2024-04-27 02:00:00+00:00,123017.07003055786,123211.28081988345,122808.31071624027,122956.78859531948,39653.27299004875
2024-04-27 03:00:00+00:00,124471.72546791015,124730.7899603497,124327.27712185045,124608.59905113335,49417.50009204057
2024-04-27 04:00:00+00:00,132142.14515074863,132316.36351713282,131855.76286626107,131960.84474612254,51144.8573620574
2024-04-27 05:00:00+00:00,131664.73145086862,131802.49047457465,131548.16055367814,131686.2908311256,29393.87558166582
2024-04-27 06:00:00+00:00,126984.89082059835,127134.03151958516,126700.98901617354,127033.07728306868,50519.13301076433
2024-04-27 07:00:00+00:00,135500.06180702927,135521.17969499854,135233.6990766277,135385.87609897304,25939.374119520508
2024-04-27 08:00:00+00:00,147402.3017739622,147716.06197245562,147306.4987370161,147688.49599776417,33941.41385976767
2024-04-27 09:00:00+00:00,149837.8360035769,149964.1587180384,149633.0362218611,149758.62255707473,61565.85361580548
2024-04-27 10:00:00+00:00,146638.86570272665,146790.4753349273,145931.20937509608,146219.29933525683,47869.04509908454
2024-04-27 11:00:00+00:00,148741.67868204517,148775.63967632913,148389.0815496062,148637.74128992195,37979.14225826645
2024-04-27 12:00:00+00:00,151112.12897001638,151345.52238289636,150871.52364071968,151197.4524375187,49395.815357278225
2024-04-27 13:00:00+00:00,154061.69618887568,154338.12512901833,153904.59406034506,154178.9736463763,41370.665508638864
2024-04-27 14:00:00+00:00,153582.77557763516,153722.48593947486,153336.83522723513,153677.36552674614,42436.41464542512
2024-04-27 15:00:00+00:00,159682.21341581142,159815.0987562299,159562.5304451428,159743.06658129426,53169.81447099852
2024-04-27 16:00:00+00:00,165739.63536821632,166039.9713439415,165570.86764019864,165833.61490280813,32754.018098057768
2024-04-27 17:00:00+00:00,164001.93210516212,164204.02106494273,163469.1119934755,163776.82623566818,42850.70491844474
2024-04-27 18:00:00+00:00,170337.60938289744,170834.17547803823,170028.95859280322,170781.60974390066,37875.72803499465
2024-04-27 19:00:00+00:00,184403.64231794912,184605.57699884527,184071.1014255201,184165.516291458,24255.49458864846
2024-04-27 20:00:00+00:00,189471.0242123073,189884.87025285544,189357.12721454384,189578.99509713997,30613.614830741488
2024-04-27 21:00:00+00:00,192829.5591016158,193112.2942423606,192474.66159271882,192720.59070173142,73147.40196364473
2024-04-27 22:00:00+00:00,196544.50521719595,197062.94431738683,196071.16852747215,196877.3227610125,48339.91002158744
2024-04-27 23:00:00+00:00,205351.44575658167,205499.13743482565,204914.1297201404,204943.00529093712,26585.034596582278
2024-04-28 00:00:00+00:00,201695.1804898761,201820.7142207511,201038.2190336117,201319.02546547478,24642.69043055304
2024-04-28 01:00:00+00:00,207568.3013961774,207834.13243219245,207220.88472181465,207269.9599614001,40623.511044441395
2024-04-28 02:00:00+00:00,210022.68019853334,210736.1089254865,209863.90970907034,210500.96621435686,72967.90160542507
2024-04-28 03:00:00+00:00,226256.3141722975,226568.0144647974,225761.74882226245,225975.27288186812,39576.63847273705
2024-04-28 04:00:00+00:00,230901.9391204234,231151.11101104514,230552.8134086042,230761.80148637778,66756.66867239519
2024-04-28 05:00:00+00:00,246065.10982290749,247026.87418514484,245861.77568068067,246659.04182443654,47788.26578013982
2024-04-28 06:00:00+00:00,246180.06718499743,246449.20143609465,245883.40914015006,246189.03980936806,49826.25301238333
2024-04-28 07:00:00+00:00,256380.03236025106,256757.11950367206,256028.43971439046,256239.91992782982,26472.386624458097
2024-04-28 08:00:00+00:00,265178.31558643887,265582.0478912774,264910.6046423652,264957.31127231306,58658.78650528864
2024-04-28 09:00:00+00:00,266119.2657973471,266256.92504145455,265584.0291662241,266048.5256093608,37576.47316120075
2024-04-28 10:00:00+00:00,274292.3424916067,274315.62618882215,273699.0720785631,274172.5709921406,57150.418472473335
2024-04-28 11:00:00+00:00,290537.7584835222,291097.36201477883,289377.98534769716,289896.9652776032,31773.889261772674
2024-04-28 12:00:00+00:00,295650.08895637025,295991.26775126654,295071.52011896553,295107.37148960395,44950.93786968945
2024-04-28 13:00:00+00:00,289180.3114022679,290437.65952572064,288772.78615747154,290429.32666186243,47789.47312251703
2024-04-28 14:00:00+00:00,297798.1577698616,298110.3590312098,297299.88629997225,297940.024245949,40032.54278624386
2024-04-28 15:00:00+00:00,298970.9429873724,299482.33983387164,298827.9874741559,299044.8000377842,48676.441780940804
2024-04-28 16:00:00+00:00,303564.6345354564,304617.83989673876,303198.4077024015,304364.5495748045,38488.72639429068
2024-04-28 17:00:00+00:00,311850.3327230489,312066.3711413784,311457.491749575,311806.2824191675,33664.14890035849
2024-04-28 18:00:00+00:00,307441.0562553253,308006.9104708748,306102.308611296,306866.25382599176,74108.00363820665
2024-04-28 19:00:00+00:00,302205.6051501047,302811.4509128684,301435.8429812925,302698.9595910394,60991.70412840068
2024-04-28 20:00:00+00:00,314680.6369962782,314844.61958905106,314510.93608172284,314521.92878815386,32372.25384288884
2024-04-28 21:00:00+00:00,318363.9546204113,319161.1401733387,317426.1343500121,318801.90402287774,51550.39437438739
2024-04-28 22:00:00+00:00,306926.1206168708,307614.98654021096,306754.4439481882,307235.773732584,32578.962391868037
2024-04-28 23:00:00+00:00,322417.23365396535,322835.6686164646,321097.42186359334,321704.30780930154,27909.432901721782
2024-04-29 00:00:00+00:00,332361.03699479473,333146.24069184705,331736.4147496761,332631.74492643564,60669.29115640492
2024-04-29 01:00:00+00:00,335892.86508121,336268.778631398,335491.30290799384,335660.14561416104,23270.104890049726
2024-04-29 02:00:00+00:00,332785.44330694014,334153.8567864429,332271.1941359626,333722.14368844096,58440.19499546465
2024-04-29 03:00:00+00:00,350954.0217024104,351250.3934049013,349582.74333327555,349976.3709897592,38673.38140558522
2024-04-29 04:00:00+00:00,362982.93919469544,363359.577182525,362079.1991609096,362655.10671385546,39234.75820115121
2024-04-29 05:00:00+00:00,395107.39671767724,395636.3019886479,394569.4696085941,395215.58689130814,48765.21643161264
2024-04-29 06:00:00+00:00,410663.152235639,411126.8151149719,409472.9455848558,410308.9244314215,51781.03372955392
2024-04-29 07:00:00+00:00,424765.75505901093,426288.8954375775,424233.61715222726,425665.9231921469,31638.80083551557
2024-04-29 08:00:00+00:00,436380.22461010586,436961.957593143,435136.0056322042,435607.5456390195,54315.42827437671
2024-04-29 09:00:00+00:00,456577.6209854483,457268.5337677099,455679.4209602822,456799.6151665982,43960.17199720341
2024-04-29 10:00:00+00:00,476642.609806822,477033.8761716119,475876.9896618657,476788.55682117864,27220.90314943284
2024-04-29 11:00:00+00:00,505092.9824003535,505991.7440724375,504228.1271545444,505465.75501529255,39811.20019158106
2024-04-29 12:00:00+00:00,512449.77974827314,513400.7752238588,512073.23711825104,512896.50085730234,68514.95271443318
2024-04-29 13:00:00+00:00,522124.0819548404,522706.7248898015,521336.327327539,521580.5918916661,75975.62257105147
2024-04-29 14:00:00+00:00,530078.6486785703,531310.5064990993,529449.975657383,529875.2506190692,54308.25895355365
2024-04-29 15:00:00+00:00,556071.1401281585,556452.4583126077,555102.8285038831,555528.0435733142,27854.210307222096
2024-04-29 16:00:00+00:00,592745.630667184,593496.3917051442,591708.124583454,592753.4502909892,50164.959731826646
2024-04-29 17:00:00+00:00,603071.627679195,604061.3148016781,601472.9162426444,602607.7404113958,56906.278067650106
2024-04-29 18:00:00+00:00,612800.0012317096,613834.4902846402,612131.1859193632,613185.2490387395,54467.38858392237
2024-04-29 19:00:00+00:00,637632.9660482537,639165.0112848015,634108.2885295383,635507.4492556662,55608.62720871433
2024-04-29 20:00:00+00:00,648096.3676625767,650126.4901427896,646697.821991032,649624.2160138837,47978.185148998804
2024-04-29 21:00:00+00:00,685377.2428459611,686195.894115385,683145.9098370525,684083.3634778046,41192.65794318322
2024-04-29 22:00:00+00:00,666866.576656099,667213.8251212491,665085.3384857413,665501.0608666657,34147.034003921035
2024-04-29 23:00:00+00:00,669855.2876204621,671241.8674890139,668312.7692102848,670712.618116162,21743.762228895965
2024-04-30 00:00:00+00:00,679016.4128076237,679796.8473469496,675970.2115290989,676753.4100308703,47583.16261819354
2024-04-30 01:00:00+00:00,658372.4693369747,659365.1517834985,656543.90317552,657390.8300618388,45092.81174894363
2024-04-30 02:00:00+00:00,661397.0939395254,662185.1200710135,659799.5115072534,660435.0326070698,51354.67113257401
2024-04-30 03:00:00+00:00,664364.0817623008,665530.35225249,663952.7380656464,664336.1575342191,26455.49960195794
2024-04-30 04:00:00+00:00,680000.9733717395,680864.080675699,679884.0455731959,680222.6165903426,52950.64191759027
2024-04-30 05:00:00+00:00,719337.4540186938,720139.6321074732,718155.5769518536,719563.4784346931,86720.91917002045
2024-04-30 06:00:00+00:00,736503.0542968255,738434.453325293,735592.2278128597,736071.8664194354,43426.15457529023
2024-04-30 07:00:00+00:00,740060.9112010087,740976.0280366552,736040.8749214362,738508.7287589142,41347.894123398844
2024-04-30 08:00:00+00:00,759289.0800143069,759720.5924056412,758748.8258613772,759082.6313039265,47075.616869661644
2024-04-30 09:00:00+00:00,800844.2397775142,802408.5109170018,800588.1039483814,801940.625281085,86049.46561345475
2024-04-30 10:00:00+00:00,806853.3209198263,807203.8115889837,804601.9684970309,805856.7657307145,29527.66549337167
2024-04-30 11:00:00+00:00,812280.7465279087,813549.4816277669,809318.191222143,811159.9456438457,45364.36026135879
2024-04-30 12:00:00+00:00,847623.3350883084,848285.6456056572,845737.3586652795,846791.7946128764,31935.69200654802
2024-04-30 13:00:00+00:00,868115.2677041556,869049.7221576498,865757.6566361489,867145.5835776229,34888.34089116104
2024-04-30 14:00:00+00:00,906988.9256383536,908230.4513322513,906906.8583850526,907357.6687132068,41523.010607542936
2024-04-30 15:00:00+00:00,932788.6352508825,935434.3331121079,932111.6714376322,934090.2748705978,67705.5048058352
2024-04-30 16:00:00+00:00,977579.6733379058,979335.9767150716,977141.2591695468,978854.4258109699,79356.55593546157
2024-04-30 17:00:00+00:00,980263.8354116185,983023.0395587223,980139.8005749069,982674.5275240605,49424.88807058388
2024-04-30 18:00:00+00:00,1012235.9578615408,1013384.4188991507,1010579.2035839208,1011876.3138301135,37032.51093462097
2024-04-30 19:00:00+00:00,1036779.091307162,1038319.677381648,1036395.5044682863,1036908.8844842525,101095.23133670138
2024-04-30 20:00:00+00:00,1035839.6946077199,1037767.1115579917,1035555.3951201972,1036523.7811864819,36377.857726655166
2024-04-30 21:00:00+00:00,1022780.2035038333,1027863.2055160858,1021937.4690842021,1027334.818697404,34594.91769259074
2024-04-30 22:00:00+00:00,1074578.371376387,1078106.868379402,1073914.1745765568,1076592.650607658,22700.212557286417
2024-04-30 23:00:00+00:00,1101557.77533152,1102167.689634047,1098084.073291647,1099708.8777092516,68871.0835734458
